alias derrickpilates  derrick cope <derrick@pilatesshanghai.com>
alias karynkarch Karen Karch <karyn4kids@aol.com>
alias Mauro Mauro <mauro@alanherdmanpilates.co.uk>
alias mauro Mauro - Alan Herdman Pilates <mauro@alanherdmanpilates.co.uk>
alias ouida.dickinson \"Dickinson, Ouida (IGS)\" <ouida.dickinson@IntergraphGovSolutions.com>
alias wnpnny patty winpenny <wnpnny@yahoo.com>
alias vanda.mikova Vanda Oussalah-Mikova <vanda.mikova@gmail.com>
alias karine Karine Silva <kmds007@hotmail.com>
alias flor Florencia Radi <florcha71@hotmail.com>
alias g_miller Ginene Miller <g_miller@hotmail.co.uk>
alias dad Ronald Cope <ronald.d.cope@gmail.com>
alias baibarozenfelde Baiba Rozenfelde <baibarozenfelde@yahoo.com>
alias candyliu_89 Candy Liu <candyliu_89@126.com>
alias dylaninshanghai Dylan Nelson <dylaninshanghai@hotmail.com>
alias BarryB Barry Buchholtz <Barry@toesox.com>
alias carolljordan Carol Jordan <carolljordan@gmail.com>
alias wnpnny patty winpenny <wnpnny@yahoo.com>
alias carolljordan Carol Jordan <carolljordan@gmail.com>
alias karyn4kids Karen Karch <karyn4kids@aol.com>
alias marko Mark Owen <ghentny@gmail.com>
alias baibarozenfelde Baiba Rozenfelde <baibarozenfelde@yahoo.com>
alias adwayburne Ashley Wayburne <adwayburne@polestarpilatesasia.com>
alias CYousuf Carlene Yousuf <CYousuf@maddogg.com>
alias mauro Mauro <mauro@alanherdmanpilates.co.uk>
alias dylaninshanghai Dylan Nelson <dylaninshanghai@hotmail.com>
alias Barry Barry Buchholtz <Barry@toesox.com>
alias candyliu_89 Candy Liu <candyliu_89@126.com>
alias candy147yssh Candy Yang <candy147yssh@163.com>
alias juliebrument Julie Brument <juliebrument@gmail.com>
alias shilpa shilpa reddy <shilpa91@hotmail.com>
alias mom <ouida.dickinson@IntergraphGovSolutions.com>
alias dylan Dylan Nelson <dylaninshanghai@hotmail.com>
alias benthorns Ben Thorns <benthorns@hotmail.com>
alias LinXiu Michelle Lin <15014066@qq.com>
alias tomdalszewski Tom Dalszewski <tomdalszewski@inspireconsulting.cn>
alias karenmobilia Karen Mobilia <karenm@pilatesmethodalliance.org>
alias baibarozenfelde Baiba Rozenfelde <baibarozenfelde@yahoo.com>
alias deborajlessen Deborah Lessen <dl@deborahlessenpilates.com>
alias BarryBucholtz Barry Buchholtz <Barry@toesox.com>
alias christinaweidner Christina Weidner <christinaweidner@me.com>
alias cathystanley Catherine Stanley <cstanley8484@gmail.com>
alias monicarom Monica Romanengo <monica.romanengo@gmail.com>
alias moraym Moray Mac Lennan <MorayM@discovery.co.za>
alias donnadragosetti Donna Dragosetti <donna_dragosetti@hotmail.com>
alias gracewmh 王曼华 <gracewmh@163.com>
alias ouidad \"Dickinson, Ouida (IGS)\" <ouida.dickinson@IntergraphGovSolutions.com>
alias kongyue kongyue <10036152@qq.com>
alias jfite Jennifer Fite <jfite@toesox.com>
alias qiqi 祁琦 QI QI <qiqi8169@163.com>
alias niedraGab Niedra Gabriel <niedra@spirit-moves.com>
alias rayi Ray Infante <rayi@pilatesmethodalliance.org>
alias jfite Jennifer Fite <jfite@toesox.com>
alias joep Joe Patterson <jpatterson@toesox.com>
alias karenm Karen Mobilia <karenm@pilatesmethodalliance.org>
alias baibarozenfelde Baiba Rozenfelde <baibarozenfelde@yahoo.com>
alias Alanherdman Alan Herdman <alanhdmn@gmail.com>
alias KimbraP Kimbra Power <Kimbra.Power@saschina.org>
alias Mauro Mauro - Alan Herdman Pilates <mauro@alanherdmanpilates.co.uk>
alias kellypilates Kelly Cope <kelly@pilatesshanghai.com>
alias jfite Jennifer Fite <jfite@toesox.com>
alias kathyteuk KathyTuek <kathyteuk@vip.qq.com>
alias liuxi Lucy Liu <liuxi82@hotmail.com>
alias Mandydong Mandy DONG <icequeenmd0827@yahoo.com>
alias alharrison Al Harrison <al.harrison@pilates.com>
alias suron Susan Cope <suron@comcast.net>
alias PattyW Patty Winpenny <Patty.Winpenny@saschina.org>
alias jinqiao PattyW, derrickpilates, JonathanB, BarbaraB, MichaelP, KatrinaM, AlanD, SusanG, RobynP, Glynis, AlanG 
alias BarbaraB Barbara Boyer <Barbara.Boyer@saschina.org>
alias JonathanB Jonathan Borden <Jonathan.Borden@saschina.org>
alias MichaelP Michael Pettigrew <Michael.Pettigrew@saschina.org>
alias KatrinaM Katrina Mangous <Katrina.Mangous@saschina.org>
alias aland Alan Drayton <Alan.Drayton@saschina.org>
alias susanG Susan Goruk <Susan.Goruk@saschina.org>
alias robynP Robyn Pettigrew <Robyn.Pettigrew@saschina.org>
alias alang Alan Graveson <Alan.Graveson@saschina.org>
alias glynis Glynis Ogden-Hill <Glynis.Ogden-Hill@saschina.org>
alias yinli Yin Li <yinli-96@163.com>
alias carlyd Carly Drelleshak <cdrelleshak@33threads.com>
alias EffieC Effie Chen <470923636@qq.com>
alias PaulinaU Paulina Uribe <puribe@33threads.com>
alias SherriB Sherri Betz <sherri@therapilates.com>
alias yinshua 辉业快印 <342239868@qq.com>
alias KellyZ Kelly Zhang <kelly@pilatesshanghai.com>
alias michellelin 林秀 <15014066@qq.com>
alias infopilates \"info@pilatesshanghai.com\" <info@pilatesshanghai.com>
alias lorileel Lorilee Levy <lorileel@pilatesmethodalliance.org>
alias Vivi Vivi Zhang Ping <vivimeihua@163.com>
alias michelelarsson Michele Larsson <michele@michelelarssonpilates.com>
alias jacksoncope Jackson Cope <jackson@thecopes.me>
alias tanyanieto Tanya Nieto-Winzey <tanyan@pilatesmethodalliance.org>
alias heatherdurbin Heather Durbin <hdurbin@33threads.com>
alias jennyzhang jenny zhang <609826316@qq.com>
alias jennyshanghai jenny zhang <jenny@pilatesshanghai.com>
alias beginnersperl Beginners Perl List <beginners@perl.org>
alias saidyahumada Saidy Ahumada <sahumada@33threads.com>
alias pschweizer Paul Schweizer <pschweizer@charitydreamshanghai.cn>
alias cleung Crystal Leung <cleung@charitydreamshanghai.cn>
alias bbucholtz Barry Buchholtz <bbuchholtz@33threads.com>
alias delliott David Elliott <delliott@mad-hq.com>
alias suzannemartin Suzanne Martin <smdpt@att.net>
alias kevinbowen \"Kevin A. Bowen\" <kevin@coredynamicspilates.com>
alias shelleylarsson shelley larsson <shelleylarsson@gmail.com>
